{"cameraMode":{"drawMode":0,"name":"Shaded","section":"Shading Mode"},"sceneLighting":true,"audioPlay":false,"sceneViewState":{"showFog":true,"showMaterialUpdate":false,"showSkybox":true,"showFlares":true,"showImageEffects":true,"showParticleSystems":true},"in2DMode":false,"pivot":{"x":-3.2224550247192385,"y":2.3450570106506349,"z":1.5237010717391968},"rotation":{"x":0.03236308693885803,"y":-0.7220603823661804,"z":0.0337962806224823,"w":0.6903058886528015},"size":8.292177200317383,"orthographic":false}